model,accuracy,chance_level
Random Forest,0.958947987070232,0.043478260869565216
