Feature,ICC (Trait Stability),Subject Variance,Noise Variance
Base_Alpha_AF3,0.01956151869594593,31190.20764926929,1563277.3863077057
Stim_Alpha_AF3,0.31283434544890143,2286.4654960452312,5022.4042917789575
Base_Beta_AF3,0.409371995952767,1687823.421764153,2435134.2755153957
Stim_Beta_AF3,0.4244053991883952,1850163.8917503066,2509262.0139719998
Base_FAA,0.5777969790901094,0.122734691068249,0.08968367647241633
Stim_FAA,0.6961127752390767,0.13197391336089784,0.05761305882988264
