Feature,ICC,ICC_CI_Lower,ICC_CI_Upper
ΔAlpha_AF3,0.002569143022023347,-0.02,0.06
ΔAlpha_F3,0.0010500238049710908,-0.02,0.06
ΔAlpha_F4,0.009240253189115597,-0.02,0.07
ΔBeta_AF3,-0.014358462464050354,-0.03,0.03
ΔBeta_F3,-0.04062972669810703,-0.05,-0.02
ΔRMS_AF3,0.050878346885867114,0.01,0.14
ΔRMS_F3,0.031725811503132834,-0.0,0.11
ΔFAA,0.0694742633809779,0.02,0.17
ΔCorr_F3F4,0.08063362015464864,0.03,0.19
ΔCorr_F7F8,0.15209889159901646,0.08,0.3
